page_id,block,writer_id,content_id,condition,purpose
COPY-G01-01,書き写し,G01,U0704,copy,字形供給
COPY-G01-02,書き写し,G01,U0722,copy,字形供給
COPY-G01-03,書き写し,G01,U0055,copy,字形供給
COPY-G01-04,書き写し,G01,U0258,copy,字形供給
COPY-G01-05,書き写し,G01,U0506,copy,字形供給
COPY-G01-06,書き写し,G01,U0100,copy,字形供給
COPY-G01-07,書き写し,G01,U0089,copy,字形供給
COPY-G01-08,書き写し,G01,U0354,copy,字形供給
COPY-G01-09,書き写し,G01,U0195,copy,字形供給
COPY-G01-10,書き写し,G01,U0795,copy,字形供給
COPY-G01-11,書き写し,G01,U0437,copy,字形供給
COPY-G01-12,書き写し,G01,U0700,copy,字形供給
COPY-G01-13,書き写し,G01,U0855,copy,字形供給
COPY-G01-14,書き写し,G01,U0548,copy,字形供給
COPY-G01-15,書き写し,G01,U0772,copy,字形供給
COPY-G02-01,書き写し,G02,U0875,copy,字形供給
COPY-G02-02,書き写し,G02,U0427,copy,字形供給
COPY-G02-03,書き写し,G02,U0473,copy,字形供給
COPY-G02-04,書き写し,G02,U0661,copy,字形供給
COPY-G02-05,書き写し,G02,U0331,copy,字形供給
COPY-G02-06,書き写し,G02,U0759,copy,字形供給
COPY-G02-07,書き写し,G02,U0094,copy,字形供給
COPY-G02-08,書き写し,G02,U0079,copy,字形供給
COPY-G02-09,書き写し,G02,U0480,copy,字形供給
COPY-G02-10,書き写し,G02,U0549,copy,字形供給
COPY-G02-11,書き写し,G02,U0499,copy,字形供給
COPY-G02-12,書き写し,G02,U0302,copy,字形供給
COPY-G02-13,書き写し,G02,U0448,copy,字形供給
COPY-G02-14,書き写し,G02,U0246,copy,字形供給
COPY-G02-15,書き写し,G02,U0399,copy,字形供給
COPY-G03-01,書き写し,G03,U0239,copy,字形供給
COPY-G03-02,書き写し,G03,U0784,copy,字形供給
COPY-G03-03,書き写し,G03,U0143,copy,字形供給
COPY-G03-04,書き写し,G03,U0552,copy,字形供給
COPY-G03-05,書き写し,G03,U0138,copy,字形供給
COPY-G03-06,書き写し,G03,U0750,copy,字形供給
COPY-G03-07,書き写し,G03,U0049,copy,字形供給
COPY-G03-08,書き写し,G03,U0332,copy,字形供給
COPY-G03-09,書き写し,G03,U0306,copy,字形供給
COPY-G03-10,書き写し,G03,U0539,copy,字形供給
COPY-G03-11,書き写し,G03,U0752,copy,字形供給
COPY-G03-12,書き写し,G03,U0312,copy,字形供給
COPY-G03-13,書き写し,G03,U0145,copy,字形供給
COPY-G03-14,書き写し,G03,U0440,copy,字形供給
COPY-G03-15,書き写し,G03,U0897,copy,字形供給
COPY-G04-01,書き写し,G04,U0566,copy,字形供給
COPY-G04-02,書き写し,G04,U0782,copy,字形供給
COPY-G04-03,書き写し,G04,U0164,copy,字形供給
COPY-G04-04,書き写し,G04,U0640,copy,字形供給
COPY-G04-05,書き写し,G04,U0154,copy,字形供給
COPY-G04-06,書き写し,G04,U0285,copy,字形供給
COPY-G04-07,書き写し,G04,U0879,copy,字形供給
COPY-G04-08,書き写し,G04,U0193,copy,字形供給
COPY-G04-09,書き写し,G04,U0633,copy,字形供給
COPY-G04-10,書き写し,G04,U0744,copy,字形供給
COPY-G04-11,書き写し,G04,U0707,copy,字形供給
COPY-G04-12,書き写し,G04,U0260,copy,字形供給
COPY-G04-13,書き写し,G04,U0429,copy,字形供給
COPY-G04-14,書き写し,G04,U0293,copy,字形供給
COPY-G04-15,書き写し,G04,U0765,copy,字形供給
COPY-G05-01,書き写し,G05,U0197,copy,字形供給
COPY-G05-02,書き写し,G05,U0831,copy,字形供給
COPY-G05-03,書き写し,G05,U0460,copy,字形供給
COPY-G05-04,書き写し,G05,U0586,copy,字形供給
COPY-G05-05,書き写し,G05,U0514,copy,字形供給
COPY-G05-06,書き写し,G05,U0269,copy,字形供給
COPY-G05-07,書き写し,G05,U0032,copy,字形供給
COPY-G05-08,書き写し,G05,U0257,copy,字形供給
COPY-G05-09,書き写し,G05,U0443,copy,字形供給
COPY-G05-10,書き写し,G05,U0117,copy,字形供給
COPY-G05-11,書き写し,G05,U0791,copy,字形供給
COPY-G05-12,書き写し,G05,U0264,copy,字形供給
COPY-G05-13,書き写し,G05,U0531,copy,字形供給
COPY-G05-14,書き写し,G05,U0785,copy,字形供給
COPY-G05-15,書き写し,G05,U0279,copy,字形供給
COPY-G06-01,書き写し,G06,U0597,copy,字形供給
COPY-G06-02,書き写し,G06,U0251,copy,字形供給
COPY-G06-03,書き写し,G06,U0090,copy,字形供給
COPY-G06-04,書き写し,G06,U0082,copy,字形供給
COPY-G06-05,書き写し,G06,U0124,copy,字形供給
COPY-G06-06,書き写し,G06,U0233,copy,字形供給
COPY-G06-07,書き写し,G06,U0735,copy,字形供給
COPY-G06-08,書き写し,G06,U0009,copy,字形供給
COPY-G06-09,書き写し,G06,U0625,copy,字形供給
COPY-G06-10,書き写し,G06,U0712,copy,字形供給
COPY-G06-11,書き写し,G06,U0492,copy,字形供給
COPY-G06-12,書き写し,G06,U0160,copy,字形供給
COPY-G06-13,書き写し,G06,U0034,copy,字形供給
COPY-G06-14,書き写し,G06,U0322,copy,字形供給
COPY-G06-15,書き写し,G06,U0646,copy,字形供給
COPY-G07-01,書き写し,G07,U0764,copy,字形供給
COPY-G07-02,書き写し,G07,U0050,copy,字形供給
COPY-G07-03,書き写し,G07,U0725,copy,字形供給
COPY-G07-04,書き写し,G07,U0135,copy,字形供給
COPY-G07-05,書き写し,G07,U0753,copy,字形供給
COPY-G07-06,書き写し,G07,U0494,copy,字形供給
COPY-G07-07,書き写し,G07,U0342,copy,字形供給
COPY-G07-08,書き写し,G07,U0252,copy,字形供給
COPY-G07-09,書き写し,G07,U0792,copy,字形供給
COPY-G07-10,書き写し,G07,U0326,copy,字形供給
COPY-G07-11,書き写し,G07,U0413,copy,字形供給
COPY-G07-12,書き写し,G07,U0692,copy,字形供給
COPY-G07-13,書き写し,G07,U0266,copy,字形供給
COPY-G07-14,書き写し,G07,U0728,copy,字形供給
COPY-G07-15,書き写し,G07,U0618,copy,字形供給
COPY-G08-01,書き写し,G08,U0654,copy,字形供給
COPY-G08-02,書き写し,G08,U0778,copy,字形供給
COPY-G08-03,書き写し,G08,U0567,copy,字形供給
COPY-G08-04,書き写し,G08,U0101,copy,字形供給
COPY-G08-05,書き写し,G08,U0212,copy,字形供給
COPY-G08-06,書き写し,G08,U0609,copy,字形供給
COPY-G08-07,書き写し,G08,U0838,copy,字形供給
COPY-G08-08,書き写し,G08,U0271,copy,字形供給
COPY-G08-09,書き写し,G08,U0686,copy,字形供給
COPY-G08-10,書き写し,G08,U0732,copy,字形供給
COPY-G08-11,書き写し,G08,U0286,copy,字形供給
COPY-G08-12,書き写し,G08,U0224,copy,字形供給
COPY-G08-13,書き写し,G08,U0660,copy,字形供給
COPY-G08-14,書き写し,G08,U0556,copy,字形供給
COPY-G08-15,書き写し,G08,U0189,copy,字形供給
COPY-G09-01,書き写し,G09,U0667,copy,字形供給
COPY-G09-02,書き写し,G09,U0731,copy,字形供給
COPY-G09-03,書き写し,G09,U0827,copy,字形供給
COPY-G09-04,書き写し,G09,U0066,copy,字形供給
COPY-G09-05,書き写し,G09,U0894,copy,字形供給
COPY-G09-06,書き写し,G09,U0610,copy,字形供給
COPY-G09-07,書き写し,G09,U0521,copy,字形供給
COPY-G09-08,書き写し,G09,U0843,copy,字形供給
COPY-G09-09,書き写し,G09,U0585,copy,字形供給
COPY-G09-10,書き写し,G09,U0209,copy,字形供給
COPY-G09-11,書き写し,G09,U0604,copy,字形供給
COPY-G09-12,書き写し,G09,U0666,copy,字形供給
COPY-G09-13,書き写し,G09,U0176,copy,字形供給
COPY-G09-14,書き写し,G09,U0319,copy,字形供給
COPY-G09-15,書き写し,G09,U0122,copy,字形供給
COPY-G10-01,書き写し,G10,U0244,copy,字形供給
COPY-G10-02,書き写し,G10,U0709,copy,字形供給
COPY-G10-03,書き写し,G10,U0358,copy,字形供給
COPY-G10-04,書き写し,G10,U0414,copy,字形供給
COPY-G10-05,書き写し,G10,U0876,copy,字形供給
COPY-G10-06,書き写し,G10,U0137,copy,字形供給
COPY-G10-07,書き写し,G10,U0051,copy,字形供給
COPY-G10-08,書き写し,G10,U0755,copy,字形供給
COPY-G10-09,書き写し,G10,U0380,copy,字形供給
COPY-G10-10,書き写し,G10,U0333,copy,字形供給
COPY-G10-11,書き写し,G10,U0854,copy,字形供給
COPY-G10-12,書き写し,G10,U0794,copy,字形供給
COPY-G10-13,書き写し,G10,U0328,copy,字形供給
COPY-G10-14,書き写し,G10,U0203,copy,字形供給
COPY-G10-15,書き写し,G10,U0278,copy,字形供給
COPY-G11-01,書き写し,G11,U0181,copy,字形供給
COPY-G11-02,書き写し,G11,U0805,copy,字形供給
COPY-G11-03,書き写し,G11,U0400,copy,字形供給
COPY-G11-04,書き写し,G11,U0457,copy,字形供給
COPY-G11-05,書き写し,G11,U0350,copy,字形供給
COPY-G11-06,書き写し,G11,U0265,copy,字形供給
COPY-G11-07,書き写し,G11,U0438,copy,字形供給
COPY-G11-08,書き写し,G11,U0513,copy,字形供給
COPY-G11-09,書き写し,G11,U0377,copy,字形供給
COPY-G11-10,書き写し,G11,U0083,copy,字形供給
COPY-G11-11,書き写し,G11,U0435,copy,字形供給
COPY-G11-12,書き写し,G11,U0834,copy,字形供給
COPY-G11-13,書き写し,G11,U0468,copy,字形供給
COPY-G11-14,書き写し,G11,U0434,copy,字形供給
COPY-G11-15,書き写し,G11,U0085,copy,字形供給
COPY-G12-01,書き写し,G12,U0560,copy,字形供給
COPY-G12-02,書き写し,G12,U0835,copy,字形供給
COPY-G12-03,書き写し,G12,U0304,copy,字形供給
COPY-G12-04,書き写し,G12,U0602,copy,字形供給
COPY-G12-05,書き写し,G12,U0177,copy,字形供給
COPY-G12-06,書き写し,G12,U0201,copy,字形供給
COPY-G12-07,書き写し,G12,U0356,copy,字形供給
COPY-G12-08,書き写し,G12,U0226,copy,字形供給
COPY-G12-09,書き写し,G12,U0820,copy,字形供給
COPY-G12-10,書き写し,G12,U0802,copy,字形供給
COPY-G12-11,書き写し,G12,U0267,copy,字形供給
COPY-G12-12,書き写し,G12,U0234,copy,字形供給
COPY-G12-13,書き写し,G12,U0423,copy,字形供給
COPY-G12-14,書き写し,G12,U0887,copy,字形供給
COPY-G12-15,書き写し,G12,U0542,copy,字形供給
COPY-G13-01,書き写し,G13,U0401,copy,字形供給
COPY-G13-02,書き写し,G13,U0317,copy,字形供給
COPY-G13-03,書き写し,G13,U0393,copy,字形供給
COPY-G13-04,書き写し,G13,U0649,copy,字形供給
COPY-G13-05,書き写し,G13,U0664,copy,字形供給
COPY-G13-06,書き写し,G13,U0741,copy,字形供給
COPY-G13-07,書き写し,G13,U0057,copy,字形供給
COPY-G13-08,書き写し,G13,U0280,copy,字形供給
COPY-G13-09,書き写し,G13,U0059,copy,字形供給
COPY-G13-10,書き写し,G13,U0008,copy,字形供給
COPY-G13-11,書き写し,G13,U0064,copy,字形供給
COPY-G13-12,書き写し,G13,U0215,copy,字形供給
COPY-G13-13,書き写し,G13,U0019,copy,字形供給
COPY-G13-14,書き写し,G13,U0381,copy,字形供給
COPY-G13-15,書き写し,G13,U0771,copy,字形供給
COPY-G14-01,書き写し,G14,U0606,copy,字形供給
COPY-G14-02,書き写し,G14,U0825,copy,字形供給
COPY-G14-03,書き写し,G14,U0465,copy,字形供給
COPY-G14-04,書き写し,G14,U0345,copy,字形供給
COPY-G14-05,書き写し,G14,U0483,copy,字形供給
COPY-G14-06,書き写し,G14,U0424,copy,字形供給
COPY-G14-07,書き写し,G14,U0762,copy,字形供給
COPY-G14-08,書き写し,G14,U0564,copy,字形供給
COPY-G14-09,書き写し,G14,U0489,copy,字形供給
COPY-G14-10,書き写し,G14,U0054,copy,字形供給
COPY-G14-11,書き写し,G14,U0115,copy,字形供給
COPY-G14-12,書き写し,G14,U0412,copy,字形供給
COPY-G14-13,書き写し,G14,U0715,copy,字形供給
COPY-G14-14,書き写し,G14,U0159,copy,字形供給
COPY-G14-15,書き写し,G14,U0426,copy,字形供給
COPY-G15-01,書き写し,G15,U0766,copy,字形供給
COPY-G15-02,書き写し,G15,U0357,copy,字形供給
COPY-G15-03,書き写し,G15,U0262,copy,字形供給
COPY-G15-04,書き写し,G15,U0864,copy,字形供給
COPY-G15-05,書き写し,G15,U0184,copy,字形供給
COPY-G15-06,書き写し,G15,U0816,copy,字形供給
COPY-G15-07,書き写し,G15,U0844,copy,字形供給
COPY-G15-08,書き写し,G15,U0397,copy,字形供給
COPY-G15-09,書き写し,G15,U0545,copy,字形供給
COPY-G15-10,書き写し,G15,U0476,copy,字形供給
COPY-G15-11,書き写し,G15,U0706,copy,字形供給
COPY-G15-12,書き写し,G15,U0287,copy,字形供給
COPY-G15-13,書き写し,G15,U0270,copy,字形供給
COPY-G15-14,書き写し,G15,U0847,copy,字形供給
COPY-G15-15,書き写し,G15,U0840,copy,字形供給
COPY-G16-01,書き写し,G16,U0870,copy,字形供給
COPY-G16-02,書き写し,G16,U0014,copy,字形供給
COPY-G16-03,書き写し,G16,U0002,copy,字形供給
COPY-G16-04,書き写し,G16,U0730,copy,字形供給
COPY-G16-05,書き写し,G16,U0594,copy,字形供給
COPY-G16-06,書き写し,G16,U0442,copy,字形供給
COPY-G16-07,書き写し,G16,U0829,copy,字形供給
COPY-G16-08,書き写し,G16,U0131,copy,字形供給
COPY-G16-09,書き写し,G16,U0781,copy,字形供給
COPY-G16-10,書き写し,G16,U0030,copy,字形供給
COPY-G16-11,書き写し,G16,U0198,copy,字形供給
COPY-G16-12,書き写し,G16,U0228,copy,字形供給
COPY-G16-13,書き写し,G16,U0583,copy,字形供給
COPY-G16-14,書き写し,G16,U0547,copy,字形供給
COPY-G16-15,書き写し,G16,U0078,copy,字形供給
COPY-G17-01,書き写し,G17,U0833,copy,字形供給
COPY-G17-02,書き写し,G17,U0674,copy,字形供給
COPY-G17-03,書き写し,G17,U0229,copy,字形供給
COPY-G17-04,書き写し,G17,U0472,copy,字形供給
COPY-G17-05,書き写し,G17,U0856,copy,字形供給
COPY-G17-06,書き写し,G17,U0021,copy,字形供給
COPY-G17-07,書き写し,G17,U0277,copy,字形供給
COPY-G17-08,書き写し,G17,U0096,copy,字形供給
COPY-G17-09,書き写し,G17,U0748,copy,字形供給
COPY-G17-10,書き写し,G17,U0813,copy,字形供給
COPY-G17-11,書き写し,G17,U0719,copy,字形供給
COPY-G17-12,書き写し,G17,U0668,copy,字形供給
COPY-G17-13,書き写し,G17,U0749,copy,字形供給
COPY-G17-14,書き写し,G17,U0811,copy,字形供給
COPY-G17-15,書き写し,G17,U0780,copy,字形供給
COPY-G18-01,書き写し,G18,U0622,copy,字形供給
COPY-G18-02,書き写し,G18,U0296,copy,字形供給
COPY-G18-03,書き写し,G18,U0232,copy,字形供給
COPY-G18-04,書き写し,G18,U0678,copy,字形供給
COPY-G18-05,書き写し,G18,U0168,copy,字形供給
COPY-G18-06,書き写し,G18,U0046,copy,字形供給
COPY-G18-07,書き写し,G18,U0313,copy,字形供給
COPY-G18-08,書き写し,G18,U0311,copy,字形供給
COPY-G18-09,書き写し,G18,U0103,copy,字形供給
COPY-G18-10,書き写し,G18,U0598,copy,字形供給
COPY-G18-11,書き写し,G18,U0136,copy,字形供給
COPY-G18-12,書き写し,G18,U0687,copy,字形供給
COPY-G18-13,書き写し,G18,U0563,copy,字形供給
COPY-G18-14,書き写し,G18,U0227,copy,字形供給
COPY-G18-15,書き写し,G18,U0452,copy,字形供給
COPY-G19-01,書き写し,G19,U0600,copy,字形供給
COPY-G19-02,書き写し,G19,U0862,copy,字形供給
COPY-G19-03,書き写し,G19,U0070,copy,字形供給
COPY-G19-04,書き写し,G19,U0388,copy,字形供給
COPY-G19-05,書き写し,G19,U0754,copy,字形供給
COPY-G19-06,書き写し,G19,U0861,copy,字形供給
COPY-G19-07,書き写し,G19,U0205,copy,字形供給
COPY-G19-08,書き写し,G19,U0799,copy,字形供給
COPY-G19-09,書き写し,G19,U0503,copy,字形供給
COPY-G19-10,書き写し,G19,U0716,copy,字形供給
COPY-G19-11,書き写し,G19,U0359,copy,字形供給
COPY-G19-12,書き写し,G19,U0853,copy,字形供給
COPY-G19-13,書き写し,G19,U0624,copy,字形供給
COPY-G19-14,書き写し,G19,U0478,copy,字形供給
COPY-G19-15,書き写し,G19,U0364,copy,字形供給
COPY-G20-01,書き写し,G20,U0171,copy,字形供給
COPY-G20-02,書き写し,G20,U0703,copy,字形供給
COPY-G20-03,書き写し,G20,U0456,copy,字形供給
COPY-G20-04,書き写し,G20,U0297,copy,字形供給
COPY-G20-05,書き写し,G20,U0507,copy,字形供給
COPY-G20-06,書き写し,G20,U0202,copy,字形供給
COPY-G20-07,書き写し,G20,U0541,copy,字形供給
COPY-G20-08,書き写し,G20,U0538,copy,字形供給
COPY-G20-09,書き写し,G20,U0033,copy,字形供給
COPY-G20-10,書き写し,G20,U0365,copy,字形供給
COPY-G20-11,書き写し,G20,U0044,copy,字形供給
COPY-G20-12,書き写し,G20,U0031,copy,字形供給
COPY-G20-13,書き写し,G20,U0015,copy,字形供給
COPY-G20-14,書き写し,G20,U0318,copy,字形供給
COPY-G20-15,書き写し,G20,U0634,copy,字形供給
COPY-E01-01,書き写し,E01,U0647,copy,評価専用
COPY-E01-02,書き写し,E01,U0130,copy,評価専用
COPY-E01-03,書き写し,E01,U0411,copy,評価専用
COPY-E01-04,書き写し,E01,U0214,copy,評価専用
COPY-E01-05,書き写し,E01,U0129,copy,評価専用
COPY-E01-06,書き写し,E01,U0043,copy,評価専用
COPY-E01-07,書き写し,E01,U0395,copy,評価専用
COPY-E01-08,書き写し,E01,U0619,copy,評価専用
COPY-E01-09,書き写し,E01,U0671,copy,評価専用
COPY-E01-10,書き写し,E01,U0775,copy,評価専用
COPY-E01-11,書き写し,E01,U0848,copy,評価専用
COPY-E01-12,書き写し,E01,U0241,copy,評価専用
COPY-E01-13,書き写し,E01,U0375,copy,評価専用
COPY-E01-14,書き写し,E01,U0294,copy,評価専用
COPY-E01-15,書き写し,E01,U0742,copy,評価専用
COPY-E02-01,書き写し,E02,U0488,copy,評価専用
COPY-E02-02,書き写し,E02,U0406,copy,評価専用
COPY-E02-03,書き写し,E02,U0415,copy,評価専用
COPY-E02-04,書き写し,E02,U0872,copy,評価専用
COPY-E02-05,書き写し,E02,U0631,copy,評価専用
COPY-E02-06,書き写し,E02,U0024,copy,評価専用
COPY-E02-07,書き写し,E02,U0770,copy,評価専用
COPY-E02-08,書き写し,E02,U0011,copy,評価専用
COPY-E02-09,書き写し,E02,U0419,copy,評価専用
COPY-E02-10,書き写し,E02,U0475,copy,評価専用
COPY-E02-11,書き写し,E02,U0555,copy,評価専用
COPY-E02-12,書き写し,E02,U0430,copy,評価専用
COPY-E02-13,書き写し,E02,U0040,copy,評価専用
COPY-E02-14,書き写し,E02,U0005,copy,評価専用
COPY-E02-15,書き写し,E02,U0486,copy,評価専用
COPY-E03-01,書き写し,E03,U0869,copy,評価専用
COPY-E03-02,書き写し,E03,U0165,copy,評価専用
COPY-E03-03,書き写し,E03,U0060,copy,評価専用
COPY-E03-04,書き写し,E03,U0471,copy,評価専用
COPY-E03-05,書き写し,E03,U0641,copy,評価専用
COPY-E03-06,書き写し,E03,U0611,copy,評価専用
COPY-E03-07,書き写し,E03,U0250,copy,評価専用
COPY-E03-08,書き写し,E03,U0559,copy,評価専用
COPY-E03-09,書き写し,E03,U0841,copy,評価専用
COPY-E03-10,書き写し,E03,U0850,copy,評価専用
COPY-E03-11,書き写し,E03,U0865,copy,評価専用
COPY-E03-12,書き写し,E03,U0273,copy,評価専用
COPY-E03-13,書き写し,E03,U0308,copy,評価専用
COPY-E03-14,書き写し,E03,U0373,copy,評価専用
COPY-E03-15,書き写し,E03,U0178,copy,評価専用
COPY-E04-01,書き写し,E04,U0578,copy,評価専用
COPY-E04-02,書き写し,E04,U0738,copy,評価専用
COPY-E04-03,書き写し,E04,U0113,copy,評価専用
COPY-E04-04,書き写し,E04,U0274,copy,評価専用
COPY-E04-05,書き写し,E04,U0883,copy,評価専用
COPY-E04-06,書き写し,E04,U0256,copy,評価専用
COPY-E04-07,書き写し,E04,U0818,copy,評価専用
COPY-E04-08,書き写し,E04,U0020,copy,評価専用
COPY-E04-09,書き写し,E04,U0505,copy,評価専用
COPY-E04-10,書き写し,E04,U0038,copy,評価専用
COPY-E04-11,書き写し,E04,U0041,copy,評価専用
COPY-E04-12,書き写し,E04,U0746,copy,評価専用
COPY-E04-13,書き写し,E04,U0084,copy,評価専用
COPY-E04-14,書き写し,E04,U0276,copy,評価専用
COPY-E04-15,書き写し,E04,U0372,copy,評価専用
COPY-E05-01,書き写し,E05,U0845,copy,評価専用
COPY-E05-02,書き写し,E05,U0648,copy,評価専用
COPY-E05-03,書き写し,E05,U0551,copy,評価専用
COPY-E05-04,書き写し,E05,U0740,copy,評価専用
COPY-E05-05,書き写し,E05,U0760,copy,評価専用
COPY-E05-06,書き写し,E05,U0387,copy,評価専用
COPY-E05-07,書き写し,E05,U0758,copy,評価専用
COPY-E05-08,書き写し,E05,U0315,copy,評価専用
COPY-E05-09,書き写し,E05,U0812,copy,評価専用
COPY-E05-10,書き写し,E05,U0157,copy,評価専用
COPY-E05-11,書き写し,E05,U0261,copy,評価専用
COPY-E05-12,書き写し,E05,U0330,copy,評価専用
COPY-E05-13,書き写し,E05,U0238,copy,評価専用
COPY-E05-14,書き写し,E05,U0523,copy,評価専用
COPY-E05-15,書き写し,E05,U0484,copy,評価専用
COPY-E06-01,書き写し,E06,U0102,copy,評価専用
COPY-E06-02,書き写し,E06,U0571,copy,評価専用
COPY-E06-03,書き写し,E06,U0769,copy,評価専用
COPY-E06-04,書き写し,E06,U0222,copy,評価専用
COPY-E06-05,書き写し,E06,U0807,copy,評価専用
COPY-E06-06,書き写し,E06,U0607,copy,評価専用
COPY-E06-07,書き写し,E06,U0249,copy,評価専用
COPY-E06-08,書き写し,E06,U0720,copy,評価専用
COPY-E06-09,書き写し,E06,U0323,copy,評価専用
COPY-E06-10,書き写し,E06,U0779,copy,評価専用
COPY-E06-11,書き写し,E06,U0125,copy,評価専用
COPY-E06-12,書き写し,E06,U0003,copy,評価専用
COPY-E06-13,書き写し,E06,U0106,copy,評価専用
COPY-E06-14,書き写し,E06,U0223,copy,評価専用
COPY-E06-15,書き写し,E06,U0192,copy,評価専用
COPY-E07-01,書き写し,E07,U0253,copy,評価専用
COPY-E07-02,書き写し,E07,U0592,copy,評価専用
COPY-E07-03,書き写し,E07,U0756,copy,評価専用
COPY-E07-04,書き写し,E07,U0337,copy,評価専用
COPY-E07-05,書き写し,E07,U0065,copy,評価専用
COPY-E07-06,書き写し,E07,U0074,copy,評価専用
COPY-E07-07,書き写し,E07,U0417,copy,評価専用
COPY-E07-08,書き写し,E07,U0344,copy,評価専用
COPY-E07-09,書き写し,E07,U0830,copy,評価専用
COPY-E07-10,書き写し,E07,U0822,copy,評価専用
COPY-E07-11,書き写し,E07,U0045,copy,評価専用
COPY-E07-12,書き写し,E07,U0696,copy,評価専用
COPY-E07-13,書き写し,E07,U0340,copy,評価専用
COPY-E07-14,書き写し,E07,U0826,copy,評価専用
COPY-E07-15,書き写し,E07,U0218,copy,評価専用
COPY-E08-01,書き写し,E08,U0804,copy,評価専用
COPY-E08-02,書き写し,E08,U0390,copy,評価専用
COPY-E08-03,書き写し,E08,U0299,copy,評価専用
COPY-E08-04,書き写し,E08,U0899,copy,評価専用
COPY-E08-05,書き写し,E08,U0126,copy,評価専用
COPY-E08-06,書き写し,E08,U0568,copy,評価専用
COPY-E08-07,書き写し,E08,U0520,copy,評価専用
COPY-E08-08,書き写し,E08,U0402,copy,評価専用
COPY-E08-09,書き写し,E08,U0710,copy,評価専用
COPY-E08-10,書き写し,E08,U0039,copy,評価専用
COPY-E08-11,書き写し,E08,U0819,copy,評価専用
COPY-E08-12,書き写し,E08,U0629,copy,評価専用
COPY-E08-13,書き写し,E08,U0895,copy,評価専用
COPY-E08-14,書き写し,E08,U0884,copy,評価専用
COPY-E08-15,書き写し,E08,U0680,copy,評価専用
COPY-E09-01,書き写し,E09,U0436,copy,評価専用
COPY-E09-02,書き写し,E09,U0743,copy,評価専用
COPY-E09-03,書き写し,E09,U0522,copy,評価専用
COPY-E09-04,書き写し,E09,U0348,copy,評価専用
COPY-E09-05,書き写し,E09,U0797,copy,評価専用
COPY-E09-06,書き写し,E09,U0470,copy,評価専用
COPY-E09-07,書き写し,E09,U0651,copy,評価専用
COPY-E09-08,書き写し,E09,U0314,copy,評価専用
COPY-E09-09,書き写し,E09,U0708,copy,評価専用
COPY-E09-10,書き写し,E09,U0230,copy,評価専用
COPY-E09-11,書き写し,E09,U0669,copy,評価専用
COPY-E09-12,書き写し,E09,U0579,copy,評価専用
COPY-E09-13,書き写し,E09,U0509,copy,評価専用
COPY-E09-14,書き写し,E09,U0300,copy,評価専用
COPY-E09-15,書き写し,E09,U0368,copy,評価専用
COPY-E10-01,書き写し,E10,U0543,copy,評価専用
COPY-E10-02,書き写し,E10,U0461,copy,評価専用
COPY-E10-03,書き写し,E10,U0025,copy,評価専用
COPY-E10-04,書き写し,E10,U0462,copy,評価専用
COPY-E10-05,書き写し,E10,U0389,copy,評価専用
COPY-E10-06,書き写し,E10,U0815,copy,評価専用
COPY-E10-07,書き写し,E10,U0527,copy,評価専用
COPY-E10-08,書き写し,E10,U0642,copy,評価専用
COPY-E10-09,書き写し,E10,U0445,copy,評価専用
COPY-E10-10,書き写し,E10,U0149,copy,評価専用
COPY-E10-11,書き写し,E10,U0110,copy,評価専用
COPY-E10-12,書き写し,E10,U0042,copy,評価専用
COPY-E10-13,書き写し,E10,U0550,copy,評価専用
COPY-E10-14,書き写し,E10,U0029,copy,評価専用
COPY-E10-15,書き写し,E10,U0540,copy,評価専用
COPY-E11-01,書き写し,E11,U0650,copy,評価専用
COPY-E11-02,書き写し,E11,U0851,copy,評価専用
COPY-E11-03,書き写し,E11,U0900,copy,評価専用
COPY-E11-04,書き写し,E11,U0408,copy,評価専用
COPY-E11-05,書き写し,E11,U0121,copy,評価専用
COPY-E11-06,書き写し,E11,U0441,copy,評価専用
COPY-E11-07,書き写し,E11,U0796,copy,評価専用
COPY-E11-08,書き写し,E11,U0898,copy,評価専用
COPY-E11-09,書き写し,E11,U0114,copy,評価専用
COPY-E11-10,書き写し,E11,U0335,copy,評価専用
COPY-E11-11,書き写し,E11,U0210,copy,評価専用
COPY-E11-12,書き写し,E11,U0761,copy,評価専用
COPY-E11-13,書き写し,E11,U0532,copy,評価専用
COPY-E11-14,書き写し,E11,U0481,copy,評価専用
COPY-E11-15,書き写し,E11,U0832,copy,評価専用
COPY-E12-01,書き写し,E12,U0310,copy,評価専用
COPY-E12-02,書き写し,E12,U0327,copy,評価専用
COPY-E12-03,書き写し,E12,U0747,copy,評価専用
COPY-E12-04,書き写し,E12,U0871,copy,評価専用
COPY-E12-05,書き写し,E12,U0682,copy,評価専用
COPY-E12-06,書き写し,E12,U0219,copy,評価専用
COPY-E12-07,書き写し,E12,U0394,copy,評価専用
COPY-E12-08,書き写し,E12,U0587,copy,評価専用
COPY-E12-09,書き写し,E12,U0118,copy,評価専用
COPY-E12-10,書き写し,E12,U0052,copy,評価専用
COPY-E12-11,書き写し,E12,U0398,copy,評価専用
COPY-E12-12,書き写し,E12,U0017,copy,評価専用
COPY-E12-13,書き写し,E12,U0378,copy,評価専用
COPY-E12-14,書き写し,E12,U0087,copy,評価専用
COPY-E12-15,書き写し,E12,U0836,copy,評価専用
COPY-E13-01,書き写し,E13,U0595,copy,評価専用
COPY-E13-02,書き写し,E13,U0501,copy,評価専用
COPY-E13-03,書き写し,E13,U0662,copy,評価専用
COPY-E13-04,書き写し,E13,U0659,copy,評価専用
COPY-E13-05,書き写し,E13,U0837,copy,評価専用
COPY-E13-06,書き写し,E13,U0525,copy,評価専用
COPY-E13-07,書き写し,E13,U0141,copy,評価専用
COPY-E13-08,書き写し,E13,U0679,copy,評価専用
COPY-E13-09,書き写し,E13,U0535,copy,評価専用
COPY-E13-10,書き写し,E13,U0182,copy,評価専用
COPY-E13-11,書き写し,E13,U0675,copy,評価専用
COPY-E13-12,書き写し,E13,U0194,copy,評価専用
COPY-E13-13,書き写し,E13,U0852,copy,評価専用
COPY-E13-14,書き写し,E13,U0690,copy,評価専用
COPY-E13-15,書き写し,E13,U0554,copy,評価専用
COPY-E14-01,書き写し,E14,U0757,copy,評価専用
COPY-E14-02,書き写し,E14,U0529,copy,評価専用
COPY-E14-03,書き写し,E14,U0347,copy,評価専用
COPY-E14-04,書き写し,E14,U0425,copy,評価専用
COPY-E14-05,書き写し,E14,U0128,copy,評価専用
COPY-E14-06,書き写し,E14,U0352,copy,評価専用
COPY-E14-07,書き写し,E14,U0027,copy,評価専用
COPY-E14-08,書き写し,E14,U0524,copy,評価専用
COPY-E14-09,書き写し,E14,U0459,copy,評価専用
COPY-E14-10,書き写し,E14,U0874,copy,評価専用
COPY-E14-11,書き写し,E14,U0231,copy,評価専用
COPY-E14-12,書き写し,E14,U0292,copy,評価専用
COPY-E14-13,書き写し,E14,U0718,copy,評価専用
COPY-E14-14,書き写し,E14,U0139,copy,評価専用
COPY-E14-15,書き写し,E14,U0479,copy,評価専用
COPY-E15-01,書き写し,E15,U0517,copy,評価専用
COPY-E15-02,書き写し,E15,U0745,copy,評価専用
COPY-E15-03,書き写し,E15,U0658,copy,評価専用
COPY-E15-04,書き写し,E15,U0644,copy,評価専用
COPY-E15-05,書き写し,E15,U0873,copy,評価専用
COPY-E15-06,書き写し,E15,U0504,copy,評価専用
COPY-E15-07,書き写し,E15,U0068,copy,評価専用
COPY-E15-08,書き写し,E15,U0736,copy,評価専用
COPY-E15-09,書き写し,E15,U0857,copy,評価専用
COPY-E15-10,書き写し,E15,U0107,copy,評価専用
COPY-E15-11,書き写し,E15,U0180,copy,評価専用
COPY-E15-12,書き写し,E15,U0714,copy,評価専用
COPY-E15-13,書き写し,E15,U0144,copy,評価専用
COPY-E15-14,書き写し,E15,U0186,copy,評価専用
COPY-E15-15,書き写し,E15,U0569,copy,評価専用
COPY-E16-01,書き写し,E16,U0240,copy,評価専用
COPY-E16-02,書き写し,E16,U0263,copy,評価専用
COPY-E16-03,書き写し,E16,U0383,copy,評価専用
COPY-E16-04,書き写し,E16,U0599,copy,評価専用
COPY-E16-05,書き写し,E16,U0615,copy,評価専用
COPY-E16-06,書き写し,E16,U0774,copy,評価専用
COPY-E16-07,書き写し,E16,U0217,copy,評価専用
COPY-E16-08,書き写し,E16,U0316,copy,評価専用
COPY-E16-09,書き写し,E16,U0213,copy,評価専用
COPY-E16-10,書き写し,E16,U0553,copy,評価専用
COPY-E16-11,書き写し,E16,U0405,copy,評価専用
COPY-E16-12,書き写し,E16,U0346,copy,評価専用
COPY-E16-13,書き写し,E16,U0366,copy,評価専用
COPY-E16-14,書き写し,E16,U0498,copy,評価専用
COPY-E16-15,書き写し,E16,U0421,copy,評価専用
COPY-E17-01,書き写し,E17,U0243,copy,評価専用
COPY-E17-02,書き写し,E17,U0881,copy,評価専用
COPY-E17-03,書き写し,E17,U0534,copy,評価専用
COPY-E17-04,書き写し,E17,U0878,copy,評価専用
COPY-E17-05,書き写し,E17,U0896,copy,評価専用
COPY-E17-06,書き写し,E17,U0562,copy,評価専用
COPY-E17-07,書き写し,E17,U0590,copy,評価専用
COPY-E17-08,書き写し,E17,U0453,copy,評価専用
COPY-E17-09,書き写し,E17,U0670,copy,評価専用
COPY-E17-10,書き写し,E17,U0037,copy,評価専用
COPY-E17-11,書き写し,E17,U0655,copy,評価専用
COPY-E17-12,書き写し,E17,U0454,copy,評価専用
COPY-E17-13,書き写し,E17,U0572,copy,評価専用
COPY-E17-14,書き写し,E17,U0108,copy,評価専用
COPY-E17-15,書き写し,E17,U0528,copy,評価専用
COPY-E18-01,書き写し,E18,U0379,copy,評価専用
COPY-E18-02,書き写し,E18,U0711,copy,評価専用
COPY-E18-03,書き写し,E18,U0511,copy,評価専用
COPY-E18-04,書き写し,E18,U0237,copy,評価専用
COPY-E18-05,書き写し,E18,U0207,copy,評価専用
COPY-E18-06,書き写し,E18,U0061,copy,評価専用
COPY-E18-07,書き写し,E18,U0004,copy,評価専用
COPY-E18-08,書き写し,E18,U0613,copy,評価専用
COPY-E18-09,書き写し,E18,U0093,copy,評価専用
COPY-E18-10,書き写し,E18,U0561,copy,評価専用
COPY-E18-11,書き写し,E18,U0431,copy,評価専用
COPY-E18-12,書き写し,E18,U0396,copy,評価専用
COPY-E18-13,書き写し,E18,U0370,copy,評価専用
COPY-E18-14,書き写し,E18,U0652,copy,評価専用
COPY-E18-15,書き写し,E18,U0153,copy,評価専用
COPY-E19-01,書き写し,E19,U0485,copy,評価専用
COPY-E19-02,書き写し,E19,U0006,copy,評価専用
COPY-E19-03,書き写し,E19,U0828,copy,評価専用
COPY-E19-04,書き写し,E19,U0593,copy,評価専用
COPY-E19-05,書き写し,E19,U0777,copy,評価専用
COPY-E19-06,書き写し,E19,U0737,copy,評価専用
COPY-E19-07,書き写し,E19,U0814,copy,評価専用
COPY-E19-08,書き写し,E19,U0557,copy,評価専用
COPY-E19-09,書き写し,E19,U0763,copy,評価専用
COPY-E19-10,書き写し,E19,U0360,copy,評価専用
COPY-E19-11,書き写し,E19,U0621,copy,評価専用
COPY-E19-12,書き写し,E19,U0727,copy,評価専用
COPY-E19-13,書き写し,E19,U0705,copy,評価専用
COPY-E19-14,書き写し,E19,U0723,copy,評価専用
COPY-E19-15,書き写し,E19,U0174,copy,評価専用
COPY-E20-01,書き写し,E20,U0458,copy,評価専用
COPY-E20-02,書き写し,E20,U0173,copy,評価専用
COPY-E20-03,書き写し,E20,U0409,copy,評価専用
COPY-E20-04,書き写し,E20,U0386,copy,評価専用
COPY-E20-05,書き写し,E20,U0428,copy,評価専用
COPY-E20-06,書き写し,E20,U0638,copy,評価専用
COPY-E20-07,書き写し,E20,U0076,copy,評価専用
COPY-E20-08,書き写し,E20,U0026,copy,評価専用
COPY-E20-09,書き写し,E20,U0877,copy,評価専用
COPY-E20-10,書き写し,E20,U0351,copy,評価専用
COPY-E20-11,書き写し,E20,U0685,copy,評価専用
COPY-E20-12,書き写し,E20,U0617,copy,評価専用
COPY-E20-13,書き写し,E20,U0119,copy,評価専用
COPY-E20-14,書き写し,E20,U0635,copy,評価専用
COPY-E20-15,書き写し,E20,U0842,copy,評価専用
COPY-E21-01,書き写し,E21,U0166,copy,評価専用
COPY-E21-02,書き写し,E21,U0281,copy,評価専用
COPY-E21-03,書き写し,E21,U0221,copy,評価専用
COPY-E21-04,書き写し,E21,U0776,copy,評価専用
COPY-E21-05,書き写し,E21,U0169,copy,評価専用
COPY-E21-06,書き写し,E21,U0095,copy,評価専用
COPY-E21-07,書き写し,E21,U0886,copy,評価専用
COPY-E21-08,書き写し,E21,U0236,copy,評価専用
COPY-E21-09,書き写し,E21,U0206,copy,評価専用
COPY-E21-10,書き写し,E21,U0859,copy,評価専用
COPY-E21-11,書き写し,E21,U0596,copy,評価専用
COPY-E21-12,書き写し,E21,U0493,copy,評価専用
COPY-E21-13,書き写し,E21,U0891,copy,評価専用
COPY-E21-14,書き写し,E21,U0798,copy,評価専用
COPY-E21-15,書き写し,E21,U0449,copy,評価専用
COPY-E22-01,書き写し,E22,U0324,copy,評価専用
COPY-E22-02,書き写し,E22,U0018,copy,評価専用
COPY-E22-03,書き写し,E22,U0477,copy,評価専用
COPY-E22-04,書き写し,E22,U0467,copy,評価専用
COPY-E22-05,書き写し,E22,U0081,copy,評価専用
COPY-E22-06,書き写し,E22,U0091,copy,評価専用
COPY-E22-07,書き写し,E22,U0183,copy,評価専用
COPY-E22-08,書き写し,E22,U0245,copy,評価専用
COPY-E22-09,書き写し,E22,U0839,copy,評価専用
COPY-E22-10,書き写し,E22,U0889,copy,評価専用
COPY-E22-11,書き写し,E22,U0584,copy,評価専用
COPY-E22-12,書き写し,E22,U0086,copy,評価専用
COPY-E22-13,書き写し,E22,U0821,copy,評価専用
COPY-E22-14,書き写し,E22,U0167,copy,評価専用
COPY-E22-15,書き写し,E22,U0482,copy,評価専用
COPY-E23-01,書き写し,E23,U0512,copy,評価専用
COPY-E23-02,書き写し,E23,U0349,copy,評価専用
COPY-E23-03,書き写し,E23,U0673,copy,評価専用
COPY-E23-04,書き写し,E23,U0510,copy,評価専用
COPY-E23-05,書き写し,E23,U0537,copy,評価専用
COPY-E23-06,書き写し,E23,U0574,copy,評価専用
COPY-E23-07,書き写し,E23,U0656,copy,評価専用
COPY-E23-08,書き写し,E23,U0067,copy,評価専用
COPY-E23-09,書き写し,E23,U0824,copy,評価専用
COPY-E23-10,書き写し,E23,U0663,copy,評価専用
COPY-E23-11,書き写し,E23,U0495,copy,評価専用
COPY-E23-12,書き写し,E23,U0724,copy,評価専用
COPY-E23-13,書き写し,E23,U0384,copy,評価専用
COPY-E23-14,書き写し,E23,U0576,copy,評価専用
COPY-E23-15,書き写し,E23,U0147,copy,評価専用
COPY-E24-01,書き写し,E24,U0058,copy,評価専用
COPY-E24-02,書き写し,E24,U0155,copy,評価専用
COPY-E24-03,書き写し,E24,U0787,copy,評価専用
COPY-E24-04,書き写し,E24,U0140,copy,評価専用
COPY-E24-05,書き写し,E24,U0075,copy,評価専用
COPY-E24-06,書き写し,E24,U0374,copy,評価専用
COPY-E24-07,書き写し,E24,U0109,copy,評価専用
COPY-E24-08,書き写し,E24,U0455,copy,評価専用
COPY-E24-09,書き写し,E24,U0526,copy,評価専用
COPY-E24-10,書き写し,E24,U0451,copy,評価専用
COPY-E24-11,書き写し,E24,U0683,copy,評価専用
COPY-E24-12,書き写し,E24,U0721,copy,評価専用
COPY-E24-13,書き写し,E24,U0536,copy,評価専用
COPY-E24-14,書き写し,E24,U0341,copy,評価専用
COPY-E24-15,書き写し,E24,U0860,copy,評価専用
COPY-E25-01,書き写し,E25,U0573,copy,評価専用
COPY-E25-02,書き写し,E25,U0639,copy,評価専用
COPY-E25-03,書き写し,E25,U0637,copy,評価専用
COPY-E25-04,書き写し,E25,U0446,copy,評価専用
COPY-E25-05,書き写し,E25,U0653,copy,評価専用
COPY-E25-06,書き写し,E25,U0676,copy,評価専用
COPY-E25-07,書き写し,E25,U0608,copy,評価専用
COPY-E25-08,書き写し,E25,U0849,copy,評価専用
COPY-E25-09,書き写し,E25,U0890,copy,評価専用
COPY-E25-10,書き写し,E25,U0077,copy,評価専用
COPY-E25-11,書き写し,E25,U0809,copy,評価専用
COPY-E25-12,書き写し,E25,U0544,copy,評価専用
COPY-E25-13,書き写し,E25,U0882,copy,評価専用
COPY-E25-14,書き写し,E25,U0338,copy,評価専用
COPY-E25-15,書き写し,E25,U0220,copy,評価専用
COPY-E26-01,書き写し,E26,U0334,copy,評価専用
COPY-E26-02,書き写し,E26,U0416,copy,評価専用
COPY-E26-03,書き写し,E26,U0616,copy,評価専用
COPY-E26-04,書き写し,E26,U0751,copy,評価専用
COPY-E26-05,書き写し,E26,U0422,copy,評価専用
COPY-E26-06,書き写し,E26,U0888,copy,評価専用
COPY-E26-07,書き写し,E26,U0355,copy,評価専用
COPY-E26-08,書き写し,E26,U0546,copy,評価専用
COPY-E26-09,書き写し,E26,U0016,copy,評価専用
COPY-E26-10,書き写し,E26,U0158,copy,評価専用
COPY-E26-11,書き写し,E26,U0259,copy,評価専用
COPY-E26-12,書き写し,E26,U0697,copy,評価専用
COPY-E26-13,書き写し,E26,U0701,copy,評価専用
COPY-E26-14,書き写し,E26,U0369,copy,評価専用
COPY-E26-15,書き写し,E26,U0023,copy,評価専用
COPY-E27-01,書き写し,E27,U0132,copy,評価専用
COPY-E27-02,書き写し,E27,U0793,copy,評価専用
COPY-E27-03,書き写し,E27,U0111,copy,評価専用
COPY-E27-04,書き写し,E27,U0028,copy,評価専用
COPY-E27-05,書き写し,E27,U0801,copy,評価専用
COPY-E27-06,書き写し,E27,U0225,copy,評価専用
COPY-E27-07,書き写し,E27,U0161,copy,評価専用
COPY-E27-08,書き写し,E27,U0846,copy,評価専用
COPY-E27-09,書き写し,E27,U0698,copy,評価専用
COPY-E27-10,書き写し,E27,U0403,copy,評価専用
COPY-E27-11,書き写し,E27,U0726,copy,評価専用
COPY-E27-12,書き写し,E27,U0156,copy,評価専用
COPY-E27-13,書き写し,E27,U0235,copy,評価専用
COPY-E27-14,書き写し,E27,U0823,copy,評価専用
COPY-E27-15,書き写し,E27,U0172,copy,評価専用
COPY-E28-01,書き写し,E28,U0466,copy,評価専用
COPY-E28-02,書き写し,E28,U0361,copy,評価専用
COPY-E28-03,書き写し,E28,U0464,copy,評価専用
COPY-E28-04,書き写し,E28,U0418,copy,評価専用
COPY-E28-05,書き写し,E28,U0295,copy,評価専用
COPY-E28-06,書き写し,E28,U0216,copy,評価専用
COPY-E28-07,書き写し,E28,U0497,copy,評価専用
COPY-E28-08,書き写し,E28,U0080,copy,評価専用
COPY-E28-09,書き写し,E28,U0353,copy,評価専用
COPY-E28-10,書き写し,E28,U0284,copy,評価専用
COPY-E28-11,書き写し,E28,U0254,copy,評価専用
COPY-E28-12,書き写し,E28,U0867,copy,評価専用
COPY-E28-13,書き写し,E28,U0404,copy,評価専用
COPY-E28-14,書き写し,E28,U0291,copy,評価専用
COPY-E28-15,書き写し,E28,U0623,copy,評価専用
COPY-E29-01,書き写し,E29,U0191,copy,評価専用
COPY-E29-02,書き写し,E29,U0577,copy,評価専用
COPY-E29-03,書き写し,E29,U0309,copy,評価専用
COPY-E29-04,書き写し,E29,U0800,copy,評価専用
COPY-E29-05,書き写し,E29,U0204,copy,評価専用
COPY-E29-06,書き写し,E29,U0643,copy,評価専用
COPY-E29-07,書き写し,E29,U0636,copy,評価専用
COPY-E29-08,書き写し,E29,U0863,copy,評価専用
COPY-E29-09,書き写し,E29,U0880,copy,評価専用
COPY-E29-10,書き写し,E29,U0487,copy,評価専用
COPY-E29-11,書き写し,E29,U0432,copy,評価専用
COPY-E29-12,書き写し,E29,U0691,copy,評価専用
COPY-E29-13,書き写し,E29,U0628,copy,評価専用
COPY-E29-14,書き写し,E29,U0817,copy,評価専用
COPY-E29-15,書き写し,E29,U0303,copy,評価専用
COPY-E30-01,書き写し,E30,U0275,copy,評価専用
COPY-E30-02,書き写し,E30,U0072,copy,評価専用
COPY-E30-03,書き写し,E30,U0463,copy,評価専用
COPY-E30-04,書き写し,E30,U0665,copy,評価専用
COPY-E30-05,書き写し,E30,U0152,copy,評価専用
COPY-E30-06,書き写し,E30,U0088,copy,評価専用
COPY-E30-07,書き写し,E30,U0788,copy,評価専用
COPY-E30-08,書き写し,E30,U0010,copy,評価専用
COPY-E30-09,書き写し,E30,U0806,copy,評価専用
COPY-E30-10,書き写し,E30,U0803,copy,評価専用
COPY-E30-11,書き写し,E30,U0591,copy,評価専用
COPY-E30-12,書き写し,E30,U0116,copy,評価専用
COPY-E30-13,書き写し,E30,U0530,copy,評価専用
COPY-E30-14,書き写し,E30,U0035,copy,評価専用
COPY-E30-15,書き写し,E30,U0283,copy,評価専用
COPY-E31-01,書き写し,E31,U0133,copy,評価専用
COPY-E31-02,書き写し,E31,U0329,copy,評価専用
COPY-E31-03,書き写し,E31,U0702,copy,評価専用
COPY-E31-04,書き写し,E31,U0071,copy,評価専用
COPY-E31-05,書き写し,E31,U0783,copy,評価専用
COPY-E31-06,書き写し,E31,U0092,copy,評価専用
COPY-E31-07,書き写し,E31,U0272,copy,評価専用
COPY-E31-08,書き写し,E31,U0127,copy,評価専用
COPY-E31-09,書き写し,E31,U0362,copy,評価専用
COPY-E31-10,書き写し,E31,U0199,copy,評価専用
COPY-E31-11,書き写し,E31,U0868,copy,評価専用
COPY-E31-12,書き写し,E31,U0570,copy,評価専用
COPY-E31-13,書き写し,E31,U0151,copy,評価専用
COPY-E31-14,書き写し,E31,U0688,copy,評価専用
COPY-E31-15,書き写し,E31,U0689,copy,評価専用
COPY-E32-01,書き写し,E32,U0681,copy,評価専用
COPY-E32-02,書き写し,E32,U0200,copy,評価専用
COPY-E32-03,書き写し,E32,U0001,copy,評価専用
COPY-E32-04,書き写し,E32,U0307,copy,評価専用
COPY-E32-05,書き写し,E32,U0575,copy,評価専用
COPY-E32-06,書き写し,E32,U0810,copy,評価専用
COPY-E32-07,書き写し,E32,U0290,copy,評価専用
COPY-E32-08,書き写し,E32,U0717,copy,評価専用
COPY-E32-09,書き写し,E32,U0371,copy,評価専用
COPY-E32-10,書き写し,E32,U0866,copy,評価専用
COPY-E32-11,書き写し,E32,U0242,copy,評価専用
COPY-E32-12,書き写し,E32,U0162,copy,評価専用
COPY-E32-13,書き写し,E32,U0500,copy,評価専用
COPY-E32-14,書き写し,E32,U0385,copy,評価専用
COPY-E32-15,書き写し,E32,U0474,copy,評価専用
COPY-E33-01,書き写し,E33,U0268,copy,評価専用
COPY-E33-02,書き写し,E33,U0858,copy,評価専用
COPY-E33-03,書き写し,E33,U0339,copy,評価専用
COPY-E33-04,書き写し,E33,U0620,copy,評価専用
COPY-E33-05,書き写し,E33,U0768,copy,評価専用
COPY-E33-06,書き写し,E33,U0627,copy,評価専用
COPY-E33-07,書き写し,E33,U0196,copy,評価専用
COPY-E33-08,書き写し,E33,U0367,copy,評価専用
COPY-E33-09,書き写し,E33,U0447,copy,評価専用
COPY-E33-10,書き写し,E33,U0603,copy,評価専用
COPY-E33-11,書き写し,E33,U0048,copy,評価専用
COPY-E33-12,書き写し,E33,U0632,copy,評価専用
COPY-E33-13,書き写し,E33,U0444,copy,評価専用
COPY-E33-14,書き写し,E33,U0533,copy,評価専用
COPY-E33-15,書き写し,E33,U0502,copy,評価専用
COPY-E34-01,書き写し,E34,U0134,copy,評価専用
COPY-E34-02,書き写し,E34,U0734,copy,評価専用
COPY-E34-03,書き写し,E34,U0565,copy,評価専用
COPY-E34-04,書き写し,E34,U0767,copy,評価専用
COPY-E34-05,書き写し,E34,U0142,copy,評価専用
COPY-E34-06,書き写し,E34,U0391,copy,評価専用
COPY-E34-07,書き写し,E34,U0892,copy,評価専用
COPY-E34-08,書き写し,E34,U0626,copy,評価専用
COPY-E34-09,書き写し,E34,U0518,copy,評価専用
COPY-E34-10,書き写し,E34,U0433,copy,評価専用
COPY-E34-11,書き写し,E34,U0336,copy,評価専用
COPY-E34-12,書き写し,E34,U0321,copy,評価専用
COPY-E34-13,書き写し,E34,U0420,copy,評価専用
COPY-E34-14,書き写し,E34,U0282,copy,評価専用
COPY-E34-15,書き写し,E34,U0208,copy,評価専用
COPY-E35-01,書き写し,E35,U0695,copy,評価専用
COPY-E35-02,書き写し,E35,U0325,copy,評価専用
COPY-E35-03,書き写し,E35,U0175,copy,評価専用
COPY-E35-04,書き写し,E35,U0515,copy,評価専用
COPY-E35-05,書き写し,E35,U0146,copy,評価専用
COPY-E35-06,書き写し,E35,U0047,copy,評価専用
COPY-E35-07,書き写し,E35,U0305,copy,評価専用
COPY-E35-08,書き写し,E35,U0630,copy,評価専用
COPY-E35-09,書き写し,E35,U0581,copy,評価専用
COPY-E35-10,書き写し,E35,U0519,copy,評価専用
COPY-E35-11,書き写し,E35,U0069,copy,評価専用
COPY-E35-12,書き写し,E35,U0733,copy,評価専用
COPY-E35-13,書き写し,E35,U0255,copy,評価専用
COPY-E35-14,書き写し,E35,U0558,copy,評価専用
COPY-E35-15,書き写し,E35,U0098,copy,評価専用
COPY-E36-01,書き写し,E36,U0188,copy,評価専用
COPY-E36-02,書き写し,E36,U0684,copy,評価専用
COPY-E36-03,書き写し,E36,U0363,copy,評価専用
COPY-E36-04,書き写し,E36,U0450,copy,評価専用
COPY-E36-05,書き写し,E36,U0699,copy,評価専用
COPY-E36-06,書き写し,E36,U0376,copy,評価専用
COPY-E36-07,書き写し,E36,U0056,copy,評価専用
COPY-E36-08,書き写し,E36,U0739,copy,評価専用
COPY-E36-09,書き写し,E36,U0289,copy,評価専用
COPY-E36-10,書き写し,E36,U0713,copy,評価専用
COPY-E36-11,書き写し,E36,U0099,copy,評価専用
COPY-E36-12,書き写し,E36,U0612,copy,評価専用
COPY-E36-13,書き写し,E36,U0605,copy,評価専用
COPY-E36-14,書き写し,E36,U0123,copy,評価専用
COPY-E36-15,書き写し,E36,U0211,copy,評価専用
COPY-E37-01,書き写し,E37,U0508,copy,評価専用
COPY-E37-02,書き写し,E37,U0298,copy,評価専用
COPY-E37-03,書き写し,E37,U0120,copy,評価専用
COPY-E37-04,書き写し,E37,U0439,copy,評価専用
COPY-E37-05,書き写し,E37,U0516,copy,評価専用
COPY-E37-06,書き写し,E37,U0013,copy,評価専用
COPY-E37-07,書き写し,E37,U0062,copy,評価専用
COPY-E37-08,書き写し,E37,U0190,copy,評価専用
COPY-E37-09,書き写し,E37,U0773,copy,評価専用
COPY-E37-10,書き写し,E37,U0063,copy,評価専用
COPY-E37-11,書き写し,E37,U0163,copy,評価専用
COPY-E37-12,書き写し,E37,U0012,copy,評価専用
COPY-E37-13,書き写し,E37,U0187,copy,評価専用
COPY-E37-14,書き写し,E37,U0789,copy,評価専用
COPY-E37-15,書き写し,E37,U0320,copy,評価専用
COPY-E38-01,書き写し,E38,U0185,copy,評価専用
COPY-E38-02,書き写し,E38,U0288,copy,評価専用
COPY-E38-03,書き写し,E38,U0469,copy,評価専用
COPY-E38-04,書き写し,E38,U0301,copy,評価専用
COPY-E38-05,書き写し,E38,U0601,copy,評価専用
COPY-E38-06,書き写し,E38,U0657,copy,評価専用
COPY-E38-07,書き写し,E38,U0170,copy,評価専用
COPY-E38-08,書き写し,E38,U0645,copy,評価専用
COPY-E38-09,書き写し,E38,U0786,copy,評価専用
COPY-E38-10,書き写し,E38,U0614,copy,評価専用
COPY-E38-11,書き写し,E38,U0179,copy,評価専用
COPY-E38-12,書き写し,E38,U0491,copy,評価専用
COPY-E38-13,書き写し,E38,U0490,copy,評価専用
COPY-E38-14,書き写し,E38,U0104,copy,評価専用
COPY-E38-15,書き写し,E38,U0580,copy,評価専用
COPY-E39-01,書き写し,E39,U0808,copy,評価専用
COPY-E39-02,書き写し,E39,U0410,copy,評価専用
COPY-E39-03,書き写し,E39,U0007,copy,評価専用
COPY-E39-04,書き写し,E39,U0496,copy,評価専用
COPY-E39-05,書き写し,E39,U0407,copy,評価専用
COPY-E39-06,書き写し,E39,U0885,copy,評価専用
COPY-E39-07,書き写し,E39,U0036,copy,評価専用
COPY-E39-08,書き写し,E39,U0053,copy,評価専用
COPY-E39-09,書き写し,E39,U0247,copy,評価専用
COPY-E39-10,書き写し,E39,U0392,copy,評価専用
COPY-E39-11,書き写し,E39,U0790,copy,評価専用
COPY-E39-12,書き写し,E39,U0588,copy,評価専用
COPY-E39-13,書き写し,E39,U0729,copy,評価専用
COPY-E39-14,書き写し,E39,U0582,copy,評価専用
COPY-E39-15,書き写し,E39,U0073,copy,評価専用
COPY-E40-01,書き写し,E40,U0672,copy,評価専用
COPY-E40-02,書き写し,E40,U0693,copy,評価専用
COPY-E40-03,書き写し,E40,U0097,copy,評価専用
COPY-E40-04,書き写し,E40,U0112,copy,評価専用
COPY-E40-05,書き写し,E40,U0150,copy,評価専用
COPY-E40-06,書き写し,E40,U0343,copy,評価専用
COPY-E40-07,書き写し,E40,U0893,copy,評価専用
COPY-E40-08,書き写し,E40,U0105,copy,評価専用
COPY-E40-09,書き写し,E40,U0022,copy,評価専用
COPY-E40-10,書き写し,E40,U0382,copy,評価専用
COPY-E40-11,書き写し,E40,U0589,copy,評価専用
COPY-E40-12,書き写し,E40,U0694,copy,評価専用
COPY-E40-13,書き写し,E40,U0677,copy,評価専用
COPY-E40-14,書き写し,E40,U0148,copy,評価専用
COPY-E40-15,書き写し,E40,U0248,copy,評価専用
FAIR-F01-FC01,公平性,F01,FC01,copy,評価専用
FAIR-F01-FC02,公平性,F01,FC02,copy,評価専用
FAIR-F01-FC03,公平性,F01,FC03,copy,評価専用
FAIR-F01-FC04,公平性,F01,FC04,copy,評価専用
FAIR-F01-FC05,公平性,F01,FC05,copy,評価専用
FAIR-F01-FC06,公平性,F01,FC06,copy,評価専用
FAIR-F01-FC07,公平性,F01,FC07,copy,評価専用
FAIR-F01-FC08,公平性,F01,FC08,copy,評価専用
FAIR-F01-FC09,公平性,F01,FC09,copy,評価専用
FAIR-F01-FC10,公平性,F01,FC10,copy,評価専用
FAIR-F01-FC11,公平性,F01,FC11,copy,評価専用
FAIR-F02-FC01,公平性,F02,FC01,copy,評価専用
FAIR-F02-FC02,公平性,F02,FC02,copy,評価専用
FAIR-F02-FC03,公平性,F02,FC03,copy,評価専用
FAIR-F02-FC04,公平性,F02,FC04,copy,評価専用
FAIR-F02-FC05,公平性,F02,FC05,copy,評価専用
FAIR-F02-FC06,公平性,F02,FC06,copy,評価専用
FAIR-F02-FC07,公平性,F02,FC07,copy,評価専用
FAIR-F02-FC08,公平性,F02,FC08,copy,評価専用
FAIR-F02-FC09,公平性,F02,FC09,copy,評価専用
FAIR-F02-FC10,公平性,F02,FC10,copy,評価専用
FAIR-F02-FC11,公平性,F02,FC11,copy,評価専用
FAIR-F03-FC01,公平性,F03,FC01,copy,評価専用
FAIR-F03-FC02,公平性,F03,FC02,copy,評価専用
FAIR-F03-FC03,公平性,F03,FC03,copy,評価専用
FAIR-F03-FC04,公平性,F03,FC04,copy,評価専用
FAIR-F03-FC05,公平性,F03,FC05,copy,評価専用
FAIR-F03-FC06,公平性,F03,FC06,copy,評価専用
FAIR-F03-FC07,公平性,F03,FC07,copy,評価専用
FAIR-F03-FC08,公平性,F03,FC08,copy,評価専用
FAIR-F03-FC09,公平性,F03,FC09,copy,評価専用
FAIR-F03-FC10,公平性,F03,FC10,copy,評価専用
FAIR-F03-FC11,公平性,F03,FC11,copy,評価専用
FAIR-F04-FC01,公平性,F04,FC01,copy,評価専用
FAIR-F04-FC02,公平性,F04,FC02,copy,評価専用
FAIR-F04-FC03,公平性,F04,FC03,copy,評価専用
FAIR-F04-FC04,公平性,F04,FC04,copy,評価専用
FAIR-F04-FC05,公平性,F04,FC05,copy,評価専用
FAIR-F04-FC06,公平性,F04,FC06,copy,評価専用
FAIR-F04-FC07,公平性,F04,FC07,copy,評価専用
FAIR-F04-FC08,公平性,F04,FC08,copy,評価専用
FAIR-F04-FC09,公平性,F04,FC09,copy,評価専用
FAIR-F04-FC10,公平性,F04,FC10,copy,評価専用
FAIR-F04-FC11,公平性,F04,FC11,copy,評価専用
FAIR-F05-FC01,公平性,F05,FC01,copy,評価専用
FAIR-F05-FC02,公平性,F05,FC02,copy,評価専用
FAIR-F05-FC03,公平性,F05,FC03,copy,評価専用
FAIR-F05-FC04,公平性,F05,FC04,copy,評価専用
FAIR-F05-FC05,公平性,F05,FC05,copy,評価専用
FAIR-F05-FC06,公平性,F05,FC06,copy,評価専用
FAIR-F05-FC07,公平性,F05,FC07,copy,評価専用
FAIR-F05-FC08,公平性,F05,FC08,copy,評価専用
FAIR-F05-FC09,公平性,F05,FC09,copy,評価専用
FAIR-F05-FC10,公平性,F05,FC10,copy,評価専用
FAIR-F05-FC11,公平性,F05,FC11,copy,評価専用
FAIR-F06-FC01,公平性,F06,FC01,copy,評価専用
FAIR-F06-FC02,公平性,F06,FC02,copy,評価専用
FAIR-F06-FC03,公平性,F06,FC03,copy,評価専用
FAIR-F06-FC04,公平性,F06,FC04,copy,評価専用
FAIR-F06-FC05,公平性,F06,FC05,copy,評価専用
FAIR-F06-FC06,公平性,F06,FC06,copy,評価専用
FAIR-F06-FC07,公平性,F06,FC07,copy,評価専用
FAIR-F06-FC08,公平性,F06,FC08,copy,評価専用
FAIR-F06-FC09,公平性,F06,FC09,copy,評価専用
FAIR-F06-FC10,公平性,F06,FC10,copy,評価専用
FAIR-F06-FC11,公平性,F06,FC11,copy,評価専用
FAIR-F07-FC01,公平性,F07,FC01,copy,評価専用
FAIR-F07-FC02,公平性,F07,FC02,copy,評価専用
FAIR-F07-FC03,公平性,F07,FC03,copy,評価専用
FAIR-F07-FC04,公平性,F07,FC04,copy,評価専用
FAIR-F07-FC05,公平性,F07,FC05,copy,評価専用
FAIR-F07-FC06,公平性,F07,FC06,copy,評価専用
FAIR-F07-FC07,公平性,F07,FC07,copy,評価専用
FAIR-F07-FC08,公平性,F07,FC08,copy,評価専用
FAIR-F07-FC09,公平性,F07,FC09,copy,評価専用
FAIR-F07-FC10,公平性,F07,FC10,copy,評価専用
FAIR-F07-FC11,公平性,F07,FC11,copy,評価専用
FAIR-F08-FC01,公平性,F08,FC01,copy,評価専用
FAIR-F08-FC02,公平性,F08,FC02,copy,評価専用
FAIR-F08-FC03,公平性,F08,FC03,copy,評価専用
FAIR-F08-FC04,公平性,F08,FC04,copy,評価専用
FAIR-F08-FC05,公平性,F08,FC05,copy,評価専用
FAIR-F08-FC06,公平性,F08,FC06,copy,評価専用
FAIR-F08-FC07,公平性,F08,FC07,copy,評価専用
FAIR-F08-FC08,公平性,F08,FC08,copy,評価専用
FAIR-F08-FC09,公平性,F08,FC09,copy,評価専用
FAIR-F08-FC10,公平性,F08,FC10,copy,評価専用
FAIR-F08-FC11,公平性,F08,FC11,copy,評価専用
FAIR-F09-FC01,公平性,F09,FC01,copy,評価専用
FAIR-F09-FC02,公平性,F09,FC02,copy,評価専用
FAIR-F09-FC03,公平性,F09,FC03,copy,評価専用
FAIR-F09-FC04,公平性,F09,FC04,copy,評価専用
FAIR-F09-FC05,公平性,F09,FC05,copy,評価専用
FAIR-F09-FC06,公平性,F09,FC06,copy,評価専用
FAIR-F09-FC07,公平性,F09,FC07,copy,評価専用
FAIR-F09-FC08,公平性,F09,FC08,copy,評価専用
FAIR-F09-FC09,公平性,F09,FC09,copy,評価専用
FAIR-F09-FC10,公平性,F09,FC10,copy,評価専用
FAIR-F09-FC11,公平性,F09,FC11,copy,評価専用
FAIR-F10-FC01,公平性,F10,FC01,copy,評価専用
FAIR-F10-FC02,公平性,F10,FC02,copy,評価専用
FAIR-F10-FC03,公平性,F10,FC03,copy,評価専用
FAIR-F10-FC04,公平性,F10,FC04,copy,評価専用
FAIR-F10-FC05,公平性,F10,FC05,copy,評価専用
FAIR-F10-FC06,公平性,F10,FC06,copy,評価専用
FAIR-F10-FC07,公平性,F10,FC07,copy,評価専用
FAIR-F10-FC08,公平性,F10,FC08,copy,評価専用
FAIR-F10-FC09,公平性,F10,FC09,copy,評価専用
FAIR-F10-FC10,公平性,F10,FC10,copy,評価専用
FAIR-F10-FC11,公平性,F10,FC11,copy,評価専用
FAIR-F11-FC01,公平性,F11,FC01,copy,評価専用
FAIR-F11-FC02,公平性,F11,FC02,copy,評価専用
FAIR-F11-FC03,公平性,F11,FC03,copy,評価専用
FAIR-F11-FC04,公平性,F11,FC04,copy,評価専用
FAIR-F11-FC05,公平性,F11,FC05,copy,評価専用
FAIR-F11-FC06,公平性,F11,FC06,copy,評価専用
FAIR-F11-FC07,公平性,F11,FC07,copy,評価専用
FAIR-F11-FC08,公平性,F11,FC08,copy,評価専用
FAIR-F11-FC09,公平性,F11,FC09,copy,評価専用
FAIR-F11-FC10,公平性,F11,FC10,copy,評価専用
FAIR-F11-FC11,公平性,F11,FC11,copy,評価専用
FAIR-F12-FC01,公平性,F12,FC01,copy,評価専用
FAIR-F12-FC02,公平性,F12,FC02,copy,評価専用
FAIR-F12-FC03,公平性,F12,FC03,copy,評価専用
FAIR-F12-FC04,公平性,F12,FC04,copy,評価専用
FAIR-F12-FC05,公平性,F12,FC05,copy,評価専用
FAIR-F12-FC06,公平性,F12,FC06,copy,評価専用
FAIR-F12-FC07,公平性,F12,FC07,copy,評価専用
FAIR-F12-FC08,公平性,F12,FC08,copy,評価専用
FAIR-F12-FC09,公平性,F12,FC09,copy,評価専用
FAIR-F12-FC10,公平性,F12,FC10,copy,評価専用
FAIR-F12-FC11,公平性,F12,FC11,copy,評価専用
FAIR-F13-FC01,公平性,F13,FC01,copy,評価専用
FAIR-F13-FC02,公平性,F13,FC02,copy,評価専用
FAIR-F13-FC03,公平性,F13,FC03,copy,評価専用
FAIR-F13-FC04,公平性,F13,FC04,copy,評価専用
FAIR-F13-FC05,公平性,F13,FC05,copy,評価専用
FAIR-F13-FC06,公平性,F13,FC06,copy,評価専用
FAIR-F13-FC07,公平性,F13,FC07,copy,評価専用
FAIR-F13-FC08,公平性,F13,FC08,copy,評価専用
FAIR-F13-FC09,公平性,F13,FC09,copy,評価専用
FAIR-F13-FC10,公平性,F13,FC10,copy,評価専用
FAIR-F13-FC11,公平性,F13,FC11,copy,評価専用
FAIR-F14-FC01,公平性,F14,FC01,copy,評価専用
FAIR-F14-FC02,公平性,F14,FC02,copy,評価専用
FAIR-F14-FC03,公平性,F14,FC03,copy,評価専用
FAIR-F14-FC04,公平性,F14,FC04,copy,評価専用
FAIR-F14-FC05,公平性,F14,FC05,copy,評価専用
FAIR-F14-FC06,公平性,F14,FC06,copy,評価専用
FAIR-F14-FC07,公平性,F14,FC07,copy,評価専用
FAIR-F14-FC08,公平性,F14,FC08,copy,評価専用
FAIR-F14-FC09,公平性,F14,FC09,copy,評価専用
FAIR-F14-FC10,公平性,F14,FC10,copy,評価専用
FAIR-F14-FC11,公平性,F14,FC11,copy,評価専用
FAIR-F15-FC01,公平性,F15,FC01,copy,評価専用
FAIR-F15-FC02,公平性,F15,FC02,copy,評価専用
FAIR-F15-FC03,公平性,F15,FC03,copy,評価専用
FAIR-F15-FC04,公平性,F15,FC04,copy,評価専用
FAIR-F15-FC05,公平性,F15,FC05,copy,評価専用
FAIR-F15-FC06,公平性,F15,FC06,copy,評価専用
FAIR-F15-FC07,公平性,F15,FC07,copy,評価専用
FAIR-F15-FC08,公平性,F15,FC08,copy,評価専用
FAIR-F15-FC09,公平性,F15,FC09,copy,評価専用
FAIR-F15-FC10,公平性,F15,FC10,copy,評価専用
FAIR-F15-FC11,公平性,F15,FC11,copy,評価専用
FAIR-F16-FC01,公平性,F16,FC01,copy,評価専用
FAIR-F16-FC02,公平性,F16,FC02,copy,評価専用
FAIR-F16-FC03,公平性,F16,FC03,copy,評価専用
FAIR-F16-FC04,公平性,F16,FC04,copy,評価専用
FAIR-F16-FC05,公平性,F16,FC05,copy,評価専用
FAIR-F16-FC06,公平性,F16,FC06,copy,評価専用
FAIR-F16-FC07,公平性,F16,FC07,copy,評価専用
FAIR-F16-FC08,公平性,F16,FC08,copy,評価専用
FAIR-F16-FC09,公平性,F16,FC09,copy,評価専用
FAIR-F16-FC10,公平性,F16,FC10,copy,評価専用
FAIR-F16-FC11,公平性,F16,FC11,copy,評価専用
FAIR-F17-FC01,公平性,F17,FC01,copy,評価専用
FAIR-F17-FC02,公平性,F17,FC02,copy,評価専用
FAIR-F17-FC03,公平性,F17,FC03,copy,評価専用
FAIR-F17-FC04,公平性,F17,FC04,copy,評価専用
FAIR-F17-FC05,公平性,F17,FC05,copy,評価専用
FAIR-F17-FC06,公平性,F17,FC06,copy,評価専用
FAIR-F17-FC07,公平性,F17,FC07,copy,評価専用
FAIR-F17-FC08,公平性,F17,FC08,copy,評価専用
FAIR-F17-FC09,公平性,F17,FC09,copy,評価専用
FAIR-F17-FC10,公平性,F17,FC10,copy,評価専用
FAIR-F17-FC11,公平性,F17,FC11,copy,評価専用
FAIR-F18-FC01,公平性,F18,FC01,copy,評価専用
FAIR-F18-FC02,公平性,F18,FC02,copy,評価専用
FAIR-F18-FC03,公平性,F18,FC03,copy,評価専用
FAIR-F18-FC04,公平性,F18,FC04,copy,評価専用
FAIR-F18-FC05,公平性,F18,FC05,copy,評価専用
FAIR-F18-FC06,公平性,F18,FC06,copy,評価専用
FAIR-F18-FC07,公平性,F18,FC07,copy,評価専用
FAIR-F18-FC08,公平性,F18,FC08,copy,評価専用
FAIR-F18-FC09,公平性,F18,FC09,copy,評価専用
FAIR-F18-FC10,公平性,F18,FC10,copy,評価専用
FAIR-F18-FC11,公平性,F18,FC11,copy,評価専用
FAIR-F19-FC01,公平性,F19,FC01,copy,評価専用
FAIR-F19-FC02,公平性,F19,FC02,copy,評価専用
FAIR-F19-FC03,公平性,F19,FC03,copy,評価専用
FAIR-F19-FC04,公平性,F19,FC04,copy,評価専用
FAIR-F19-FC05,公平性,F19,FC05,copy,評価専用
FAIR-F19-FC06,公平性,F19,FC06,copy,評価専用
FAIR-F19-FC07,公平性,F19,FC07,copy,評価専用
FAIR-F19-FC08,公平性,F19,FC08,copy,評価専用
FAIR-F19-FC09,公平性,F19,FC09,copy,評価専用
FAIR-F19-FC10,公平性,F19,FC10,copy,評価専用
FAIR-F19-FC11,公平性,F19,FC11,copy,評価専用
FAIR-F20-FC01,公平性,F20,FC01,copy,評価専用
FAIR-F20-FC02,公平性,F20,FC02,copy,評価専用
FAIR-F20-FC03,公平性,F20,FC03,copy,評価専用
FAIR-F20-FC04,公平性,F20,FC04,copy,評価専用
FAIR-F20-FC05,公平性,F20,FC05,copy,評価専用
FAIR-F20-FC06,公平性,F20,FC06,copy,評価専用
FAIR-F20-FC07,公平性,F20,FC07,copy,評価専用
FAIR-F20-FC08,公平性,F20,FC08,copy,評価専用
FAIR-F20-FC09,公平性,F20,FC09,copy,評価専用
FAIR-F20-FC10,公平性,F20,FC10,copy,評価専用
FAIR-F20-FC11,公平性,F20,FC11,copy,評価専用
FAIR-F21-FC01,公平性,F21,FC01,copy,評価専用
FAIR-F21-FC02,公平性,F21,FC02,copy,評価専用
FAIR-F21-FC03,公平性,F21,FC03,copy,評価専用
FAIR-F21-FC04,公平性,F21,FC04,copy,評価専用
FAIR-F21-FC05,公平性,F21,FC05,copy,評価専用
FAIR-F21-FC06,公平性,F21,FC06,copy,評価専用
FAIR-F21-FC07,公平性,F21,FC07,copy,評価専用
FAIR-F21-FC08,公平性,F21,FC08,copy,評価専用
FAIR-F21-FC09,公平性,F21,FC09,copy,評価専用
FAIR-F21-FC10,公平性,F21,FC10,copy,評価専用
FAIR-F21-FC11,公平性,F21,FC11,copy,評価専用
FAIR-F22-FC01,公平性,F22,FC01,copy,評価専用
FAIR-F22-FC02,公平性,F22,FC02,copy,評価専用
FAIR-F22-FC03,公平性,F22,FC03,copy,評価専用
FAIR-F22-FC04,公平性,F22,FC04,copy,評価専用
FAIR-F22-FC05,公平性,F22,FC05,copy,評価専用
FAIR-F22-FC06,公平性,F22,FC06,copy,評価専用
FAIR-F22-FC07,公平性,F22,FC07,copy,評価専用
FAIR-F22-FC08,公平性,F22,FC08,copy,評価専用
FAIR-F22-FC09,公平性,F22,FC09,copy,評価専用
FAIR-F22-FC10,公平性,F22,FC10,copy,評価専用
FAIR-F22-FC11,公平性,F22,FC11,copy,評価専用
FAIR-F23-FC01,公平性,F23,FC01,copy,評価専用
FAIR-F23-FC02,公平性,F23,FC02,copy,評価専用
FAIR-F23-FC03,公平性,F23,FC03,copy,評価専用
FAIR-F23-FC04,公平性,F23,FC04,copy,評価専用
FAIR-F23-FC05,公平性,F23,FC05,copy,評価専用
FAIR-F23-FC06,公平性,F23,FC06,copy,評価専用
FAIR-F23-FC07,公平性,F23,FC07,copy,評価専用
FAIR-F23-FC08,公平性,F23,FC08,copy,評価専用
FAIR-F23-FC09,公平性,F23,FC09,copy,評価専用
FAIR-F23-FC10,公平性,F23,FC10,copy,評価専用
FAIR-F23-FC11,公平性,F23,FC11,copy,評価専用
FAIR-F24-FC01,公平性,F24,FC01,copy,評価専用
FAIR-F24-FC02,公平性,F24,FC02,copy,評価専用
FAIR-F24-FC03,公平性,F24,FC03,copy,評価専用
FAIR-F24-FC04,公平性,F24,FC04,copy,評価専用
FAIR-F24-FC05,公平性,F24,FC05,copy,評価専用
FAIR-F24-FC06,公平性,F24,FC06,copy,評価専用
FAIR-F24-FC07,公平性,F24,FC07,copy,評価専用
FAIR-F24-FC08,公平性,F24,FC08,copy,評価専用
FAIR-F24-FC09,公平性,F24,FC09,copy,評価専用
FAIR-F24-FC10,公平性,F24,FC10,copy,評価専用
FAIR-F24-FC11,公平性,F24,FC11,copy,評価専用
FAIR-F25-FC01,公平性,F25,FC01,copy,評価専用
FAIR-F25-FC02,公平性,F25,FC02,copy,評価専用
FAIR-F25-FC03,公平性,F25,FC03,copy,評価専用
FAIR-F25-FC04,公平性,F25,FC04,copy,評価専用
FAIR-F25-FC05,公平性,F25,FC05,copy,評価専用
FAIR-F25-FC06,公平性,F25,FC06,copy,評価専用
FAIR-F25-FC07,公平性,F25,FC07,copy,評価専用
FAIR-F25-FC08,公平性,F25,FC08,copy,評価専用
FAIR-F25-FC09,公平性,F25,FC09,copy,評価専用
FAIR-F25-FC10,公平性,F25,FC10,copy,評価専用
FAIR-F25-FC11,公平性,F25,FC11,copy,評価専用
FAIR-F26-FC01,公平性,F26,FC01,copy,評価専用
FAIR-F26-FC02,公平性,F26,FC02,copy,評価専用
FAIR-F26-FC03,公平性,F26,FC03,copy,評価専用
FAIR-F26-FC04,公平性,F26,FC04,copy,評価専用
FAIR-F26-FC05,公平性,F26,FC05,copy,評価専用
FAIR-F26-FC06,公平性,F26,FC06,copy,評価専用
FAIR-F26-FC07,公平性,F26,FC07,copy,評価専用
FAIR-F26-FC08,公平性,F26,FC08,copy,評価専用
FAIR-F26-FC09,公平性,F26,FC09,copy,評価専用
FAIR-F26-FC10,公平性,F26,FC10,copy,評価専用
FAIR-F26-FC11,公平性,F26,FC11,copy,評価専用
FAIR-F27-FC01,公平性,F27,FC01,copy,評価専用
FAIR-F27-FC02,公平性,F27,FC02,copy,評価専用
FAIR-F27-FC03,公平性,F27,FC03,copy,評価専用
FAIR-F27-FC04,公平性,F27,FC04,copy,評価専用
FAIR-F27-FC05,公平性,F27,FC05,copy,評価専用
FAIR-F27-FC06,公平性,F27,FC06,copy,評価専用
FAIR-F27-FC07,公平性,F27,FC07,copy,評価専用
FAIR-F27-FC08,公平性,F27,FC08,copy,評価専用
FAIR-F27-FC09,公平性,F27,FC09,copy,評価専用
FAIR-F27-FC10,公平性,F27,FC10,copy,評価専用
FAIR-F27-FC11,公平性,F27,FC11,copy,評価専用
FAIR-F28-FC01,公平性,F28,FC01,copy,評価専用
FAIR-F28-FC02,公平性,F28,FC02,copy,評価専用
FAIR-F28-FC03,公平性,F28,FC03,copy,評価専用
FAIR-F28-FC04,公平性,F28,FC04,copy,評価専用
FAIR-F28-FC05,公平性,F28,FC05,copy,評価専用
FAIR-F28-FC06,公平性,F28,FC06,copy,評価専用
FAIR-F28-FC07,公平性,F28,FC07,copy,評価専用
FAIR-F28-FC08,公平性,F28,FC08,copy,評価専用
FAIR-F28-FC09,公平性,F28,FC09,copy,評価専用
FAIR-F28-FC10,公平性,F28,FC10,copy,評価専用
FAIR-F28-FC11,公平性,F28,FC11,copy,評価専用
FAIR-F29-FC01,公平性,F29,FC01,copy,評価専用
FAIR-F29-FC02,公平性,F29,FC02,copy,評価専用
FAIR-F29-FC03,公平性,F29,FC03,copy,評価専用
FAIR-F29-FC04,公平性,F29,FC04,copy,評価専用
FAIR-F29-FC05,公平性,F29,FC05,copy,評価専用
FAIR-F29-FC06,公平性,F29,FC06,copy,評価専用
FAIR-F29-FC07,公平性,F29,FC07,copy,評価専用
FAIR-F29-FC08,公平性,F29,FC08,copy,評価専用
FAIR-F29-FC09,公平性,F29,FC09,copy,評価専用
FAIR-F29-FC10,公平性,F29,FC10,copy,評価専用
FAIR-F29-FC11,公平性,F29,FC11,copy,評価専用
FAIR-F30-FC01,公平性,F30,FC01,copy,評価専用
FAIR-F30-FC02,公平性,F30,FC02,copy,評価専用
FAIR-F30-FC03,公平性,F30,FC03,copy,評価専用
FAIR-F30-FC04,公平性,F30,FC04,copy,評価専用
FAIR-F30-FC05,公平性,F30,FC05,copy,評価専用
FAIR-F30-FC06,公平性,F30,FC06,copy,評価専用
FAIR-F30-FC07,公平性,F30,FC07,copy,評価専用
FAIR-F30-FC08,公平性,F30,FC08,copy,評価専用
FAIR-F30-FC09,公平性,F30,FC09,copy,評価専用
FAIR-F30-FC10,公平性,F30,FC10,copy,評価専用
FAIR-F30-FC11,公平性,F30,FC11,copy,評価専用
SOLV-G01-1,自力解答,G01,S014,timed_solve,定性インベントリ(レンダラ校正)
SOLV-G01-2,自力解答,G01,S046,timed_solve,定性インベントリ(レンダラ校正)
SOLV-G01-3,自力解答,G01,S038,corrected_solve,定性インベントリ(レンダラ校正)
SOLV-G01-4,自力解答,G01,S033,corrected_solve,定性インベントリ(レンダラ校正)
SOLV-G02-1,自力解答,G02,S055,timed_solve,定性インベントリ(レンダラ校正)
SOLV-G02-2,自力解答,G02,S009,timed_solve,定性インベントリ(レンダラ校正)
SOLV-G02-3,自力解答,G02,S041,corrected_solve,定性インベントリ(レンダラ校正)
SOLV-G02-4,自力解答,G02,S038,corrected_solve,定性インベントリ(レンダラ校正)
SOLV-G03-1,自力解答,G03,S005,timed_solve,定性インベントリ(レンダラ校正)
SOLV-G03-2,自力解答,G03,S035,timed_solve,定性インベントリ(レンダラ校正)
SOLV-G03-3,自力解答,G03,S016,corrected_solve,定性インベントリ(レンダラ校正)
SOLV-G03-4,自力解答,G03,S010,corrected_solve,定性インベントリ(レンダラ校正)
SOLV-G04-1,自力解答,G04,S012,timed_solve,定性インベントリ(レンダラ校正)
SOLV-G04-2,自力解答,G04,S009,timed_solve,定性インベントリ(レンダラ校正)
SOLV-G04-3,自力解答,G04,S007,corrected_solve,定性インベントリ(レンダラ校正)
SOLV-G04-4,自力解答,G04,S032,corrected_solve,定性インベントリ(レンダラ校正)
SOLV-G05-1,自力解答,G05,S015,timed_solve,定性インベントリ(レンダラ校正)
SOLV-G05-2,自力解答,G05,S034,timed_solve,定性インベントリ(レンダラ校正)
SOLV-G05-3,自力解答,G05,S037,corrected_solve,定性インベントリ(レンダラ校正)
SOLV-G05-4,自力解答,G05,S049,corrected_solve,定性インベントリ(レンダラ校正)
SOLV-G06-1,自力解答,G06,S057,timed_solve,定性インベントリ(レンダラ校正)
SOLV-G06-2,自力解答,G06,S017,timed_solve,定性インベントリ(レンダラ校正)
SOLV-G06-3,自力解答,G06,S018,corrected_solve,定性インベントリ(レンダラ校正)
SOLV-G06-4,自力解答,G06,S014,corrected_solve,定性インベントリ(レンダラ校正)
SOLV-G07-1,自力解答,G07,S030,timed_solve,定性インベントリ(レンダラ校正)
SOLV-G07-2,自力解答,G07,S047,timed_solve,定性インベントリ(レンダラ校正)
SOLV-G07-3,自力解答,G07,S056,corrected_solve,定性インベントリ(レンダラ校正)
SOLV-G07-4,自力解答,G07,S008,corrected_solve,定性インベントリ(レンダラ校正)
SOLV-G08-1,自力解答,G08,S017,timed_solve,定性インベントリ(レンダラ校正)
SOLV-G08-2,自力解答,G08,S039,timed_solve,定性インベントリ(レンダラ校正)
SOLV-G08-3,自力解答,G08,S025,corrected_solve,定性インベントリ(レンダラ校正)
SOLV-G08-4,自力解答,G08,S050,corrected_solve,定性インベントリ(レンダラ校正)
SOLV-G09-1,自力解答,G09,S022,timed_solve,定性インベントリ(レンダラ校正)
SOLV-G09-2,自力解答,G09,S001,timed_solve,定性インベントリ(レンダラ校正)
SOLV-G09-3,自力解答,G09,S055,corrected_solve,定性インベントリ(レンダラ校正)
SOLV-G09-4,自力解答,G09,S022,corrected_solve,定性インベントリ(レンダラ校正)
SOLV-G10-1,自力解答,G10,S020,timed_solve,定性インベントリ(レンダラ校正)
SOLV-G10-2,自力解答,G10,S015,timed_solve,定性インベントリ(レンダラ校正)
SOLV-G10-3,自力解答,G10,S018,corrected_solve,定性インベントリ(レンダラ校正)
SOLV-G10-4,自力解答,G10,S013,corrected_solve,定性インベントリ(レンダラ校正)
SOLV-G11-1,自力解答,G11,S035,timed_solve,定性インベントリ(レンダラ校正)
SOLV-G11-2,自力解答,G11,S035,timed_solve,定性インベントリ(レンダラ校正)
SOLV-G11-3,自力解答,G11,S038,corrected_solve,定性インベントリ(レンダラ校正)
SOLV-G11-4,自力解答,G11,S053,corrected_solve,定性インベントリ(レンダラ校正)
SOLV-G12-1,自力解答,G12,S019,timed_solve,定性インベントリ(レンダラ校正)
SOLV-G12-2,自力解答,G12,S058,timed_solve,定性インベントリ(レンダラ校正)
SOLV-G12-3,自力解答,G12,S013,corrected_solve,定性インベントリ(レンダラ校正)
SOLV-G12-4,自力解答,G12,S047,corrected_solve,定性インベントリ(レンダラ校正)
SOLV-G13-1,自力解答,G13,S054,timed_solve,定性インベントリ(レンダラ校正)
SOLV-G13-2,自力解答,G13,S005,timed_solve,定性インベントリ(レンダラ校正)
SOLV-G13-3,自力解答,G13,S021,corrected_solve,定性インベントリ(レンダラ校正)
SOLV-G13-4,自力解答,G13,S032,corrected_solve,定性インベントリ(レンダラ校正)
SOLV-G14-1,自力解答,G14,S032,timed_solve,定性インベントリ(レンダラ校正)
SOLV-G14-2,自力解答,G14,S012,timed_solve,定性インベントリ(レンダラ校正)
SOLV-G14-3,自力解答,G14,S007,corrected_solve,定性インベントリ(レンダラ校正)
SOLV-G14-4,自力解答,G14,S057,corrected_solve,定性インベントリ(レンダラ校正)
SOLV-G15-1,自力解答,G15,S060,timed_solve,定性インベントリ(レンダラ校正)
SOLV-G15-2,自力解答,G15,S036,timed_solve,定性インベントリ(レンダラ校正)
SOLV-G15-3,自力解答,G15,S038,corrected_solve,定性インベントリ(レンダラ校正)
SOLV-G15-4,自力解答,G15,S054,corrected_solve,定性インベントリ(レンダラ校正)
SOLV-G16-1,自力解答,G16,S007,timed_solve,定性インベントリ(レンダラ校正)
SOLV-G16-2,自力解答,G16,S019,timed_solve,定性インベントリ(レンダラ校正)
SOLV-G16-3,自力解答,G16,S029,corrected_solve,定性インベントリ(レンダラ校正)
SOLV-G16-4,自力解答,G16,S046,corrected_solve,定性インベントリ(レンダラ校正)
SOLV-G17-1,自力解答,G17,S016,timed_solve,定性インベントリ(レンダラ校正)
SOLV-G17-2,自力解答,G17,S004,timed_solve,定性インベントリ(レンダラ校正)
SOLV-G17-3,自力解答,G17,S004,corrected_solve,定性インベントリ(レンダラ校正)
SOLV-G17-4,自力解答,G17,S049,corrected_solve,定性インベントリ(レンダラ校正)
SOLV-G18-1,自力解答,G18,S014,timed_solve,定性インベントリ(レンダラ校正)
SOLV-G18-2,自力解答,G18,S058,timed_solve,定性インベントリ(レンダラ校正)
SOLV-G18-3,自力解答,G18,S005,corrected_solve,定性インベントリ(レンダラ校正)
SOLV-G18-4,自力解答,G18,S040,corrected_solve,定性インベントリ(レンダラ校正)
SOLV-G19-1,自力解答,G19,S010,timed_solve,定性インベントリ(レンダラ校正)
SOLV-G19-2,自力解答,G19,S006,timed_solve,定性インベントリ(レンダラ校正)
SOLV-G19-3,自力解答,G19,S007,corrected_solve,定性インベントリ(レンダラ校正)
SOLV-G19-4,自力解答,G19,S006,corrected_solve,定性インベントリ(レンダラ校正)
SOLV-G20-1,自力解答,G20,S046,timed_solve,定性インベントリ(レンダラ校正)
SOLV-G20-2,自力解答,G20,S005,timed_solve,定性インベントリ(レンダラ校正)
SOLV-G20-3,自力解答,G20,S016,corrected_solve,定性インベントリ(レンダラ校正)
SOLV-G20-4,自力解答,G20,S011,corrected_solve,定性インベントリ(レンダラ校正)
SOLV-C01-1,自力解答,C01,S044,timed_solve,定性インベントリ(レンダラ校正)
SOLV-C01-2,自力解答,C01,S020,timed_solve,定性インベントリ(レンダラ校正)
SOLV-C01-3,自力解答,C01,S048,corrected_solve,定性インベントリ(レンダラ校正)
SOLV-C01-4,自力解答,C01,S057,corrected_solve,定性インベントリ(レンダラ校正)
SOLV-C02-1,自力解答,C02,S003,timed_solve,定性インベントリ(レンダラ校正)
SOLV-C02-2,自力解答,C02,S001,timed_solve,定性インベントリ(レンダラ校正)
SOLV-C02-3,自力解答,C02,S022,corrected_solve,定性インベントリ(レンダラ校正)
SOLV-C02-4,自力解答,C02,S039,corrected_solve,定性インベントリ(レンダラ校正)
SOLV-C03-1,自力解答,C03,S009,timed_solve,定性インベントリ(レンダラ校正)
SOLV-C03-2,自力解答,C03,S051,timed_solve,定性インベントリ(レンダラ校正)
SOLV-C03-3,自力解答,C03,S003,corrected_solve,定性インベントリ(レンダラ校正)
SOLV-C03-4,自力解答,C03,S035,corrected_solve,定性インベントリ(レンダラ校正)
SOLV-C04-1,自力解答,C04,S044,timed_solve,定性インベントリ(レンダラ校正)
SOLV-C04-2,自力解答,C04,S051,timed_solve,定性インベントリ(レンダラ校正)
SOLV-C04-3,自力解答,C04,S032,corrected_solve,定性インベントリ(レンダラ校正)
SOLV-C04-4,自力解答,C04,S031,corrected_solve,定性インベントリ(レンダラ校正)
SOLV-C05-1,自力解答,C05,S034,timed_solve,定性インベントリ(レンダラ校正)
SOLV-C05-2,自力解答,C05,S027,timed_solve,定性インベントリ(レンダラ校正)
SOLV-C05-3,自力解答,C05,S010,corrected_solve,定性インベントリ(レンダラ校正)
SOLV-C05-4,自力解答,C05,S027,corrected_solve,定性インベントリ(レンダラ校正)
SOLV-C06-1,自力解答,C06,S011,timed_solve,定性インベントリ(レンダラ校正)
SOLV-C06-2,自力解答,C06,S027,timed_solve,定性インベントリ(レンダラ校正)
SOLV-C06-3,自力解答,C06,S049,corrected_solve,定性インベントリ(レンダラ校正)
SOLV-C06-4,自力解答,C06,S040,corrected_solve,定性インベントリ(レンダラ校正)
SOLV-C07-1,自力解答,C07,S035,timed_solve,定性インベントリ(レンダラ校正)
SOLV-C07-2,自力解答,C07,S020,timed_solve,定性インベントリ(レンダラ校正)
SOLV-C07-3,自力解答,C07,S058,corrected_solve,定性インベントリ(レンダラ校正)
SOLV-C07-4,自力解答,C07,S012,corrected_solve,定性インベントリ(レンダラ校正)
SOLV-C08-1,自力解答,C08,S003,timed_solve,定性インベントリ(レンダラ校正)
SOLV-C08-2,自力解答,C08,S049,timed_solve,定性インベントリ(レンダラ校正)
SOLV-C08-3,自力解答,C08,S047,corrected_solve,定性インベントリ(レンダラ校正)
SOLV-C08-4,自力解答,C08,S041,corrected_solve,定性インベントリ(レンダラ校正)
SOLV-C09-1,自力解答,C09,S039,timed_solve,定性インベントリ(レンダラ校正)
SOLV-C09-2,自力解答,C09,S031,timed_solve,定性インベントリ(レンダラ校正)
SOLV-C09-3,自力解答,C09,S009,corrected_solve,定性インベントリ(レンダラ校正)
SOLV-C09-4,自力解答,C09,S049,corrected_solve,定性インベントリ(レンダラ校正)
SOLV-C10-1,自力解答,C10,S059,timed_solve,定性インベントリ(レンダラ校正)
SOLV-C10-2,自力解答,C10,S023,timed_solve,定性インベントリ(レンダラ校正)
SOLV-C10-3,自力解答,C10,S047,corrected_solve,定性インベントリ(レンダラ校正)
SOLV-C10-4,自力解答,C10,S041,corrected_solve,定性インベントリ(レンダラ校正)
